pair_id,role,building,architect,year,city,country,tradition,use,caption,image_file,image_credit,image_licence,image_source_url,pairing_note
penn-station,exemplar,Pennsylvania Station,"McKim, Mead & White",1910,New York,United States,Beaux-Arts,Railway station,"A waiting room modelled on the Baths of Caracalla, built by a railway company and open to anyone holding a ticket.",,,,,"The strongest control available: same city, same site, same railway, same purpose, and only the design changed. The 1910 station was demolished in 1963; the replacement concourse opened beneath Madison Square Garden in 1968."
penn-station,contrast,Pennsylvania Station (rebuilt),Charles Luckman Associates,1968,New York,United States,Corporate modernism,Railway station,Vincent Scully on the replacement: one entered the city like a god; one scuttles in now like a rat.,,,,,
town-hall,exemplar,Säynätsalo Town Hall,Alvar Aalto,1952,"Säynätsalo, Jyväskylä",Finland,Nordic modernism,Town hall,"Modernist in every structural sense, and warm with it: hand-made brick, timber, and a grass courtyard raised above the street.",,,,,"Both are postwar modernist civic buildings by celebrated architects, sixteen years apart. This pair is here to argue against our own side: the problem is not modernism. Aalto's building is as modern as Boston's, and people are fond of it."
town-hall,contrast,Boston City Hall,"Kallmann, McKinnell & Knowles",1968,Boston,United States,Brutalism,City hall,"Garlanded by critics on completion, and voted among the most disliked buildings in America repeatedly since.",,,,,
social-housing,exemplar,Het Schip,Michel de Klerk,1920,Amsterdam,Netherlands,Amsterdam School,Social housing,"Municipal housing for dock workers, in sculpted brick, with its own post office and meeting hall. Still lived in a century later.",,,,,"Both were avant-garde municipal housing schemes by architects at the top of their profession, built as showpieces of what social housing could be. One is protected and well loved by the people in it; the other was demolished while critics campaigned to save it."
social-housing,contrast,Robin Hood Gardens,Alison and Peter Smithson,1972,London,United Kingdom,Brutalism,Social housing,"Streets in the sky for more than two hundred families. Demolition began in 2017, over the objections of architects rather than residents.",,,,,
worship,exemplar,Sheikh Zayed Grand Mosque,,2007,Abu Dhabi,United Arab Emirates,Islamic,Place of worship,"Completed in 2007, drawing on Mughal, Moorish and Ottoman precedent. Proof that a living tradition can still build at the highest level.",,,,,"Both are major modern religious buildings by leading designers with national backing. Liverpool has real defenders and its interior light is genuinely admired; it is here because its fabric failed within a few years, which is a cost that arguments about beauty are usually accused of ignoring."
worship,contrast,Liverpool Metropolitan Cathedral,Frederick Gibberd,1967,Liverpool,United Kingdom,Modernism,Cathedral,"Built fast and cheaply after Lutyens's vast design was abandoned; leaking within a few years, and the subject of later legal action over the defects.",,,,,
japan-station,exemplar,Kanazawa Station,,2005,Kanazawa,Japan,Contemporary Japanese,Railway station,"A glass and steel dome entered through the Tsuzumi-mon, a timber gate shaped after the hand drum used in Noh theatre.",,,,,"Two large stations inserted into historic Japanese cities within a decade of each other, both thoroughly modern, both generously funded. Kanazawa carries its city's tradition into new material; Kyoto was controversial before it opened and remains so."
japan-station,contrast,Kyoto Station,Hiroshi Hara,1997,Kyoto,Japan,Modernism,Railway station,"Some four hundred and seventy metres of steel and glass in Japan's historic capital, built over objections that it would overwhelm the city it serves.",,,,,
housing-district,exemplar,Brandevoort,Rob Krier,1997,Helmond,Netherlands,New traditional,Housing district,"Several thousand homes begun in 1997 in a traditional Dutch idiom, sold at ordinary market prices.",,,,,"Two large planned residential districts in the same country, both state-backed, both intended as models of their moment. They are roughly thirty years apart, which makes this the weakest control in the set; the note is here to say so rather than hide it."
housing-district,contrast,Bijlmermeer,Siegfried Nassuth,1975,Amsterdam,Netherlands,CIAM modernism,Housing district,"Some thirteen thousand homes in hexagonal slab blocks, separated by design from traffic, shops and street life. Large parts were demolished from the 1990s.",,,,,
